<?xml version="1.0" encoding="UTF-8"?>
<project-shared-configuration>
    <properties xmlns="http://www.netbeans.org/ns/maven-properties-data/1">
        <org-netbeans-modules-html-editor-lib.default-xhtml-public-id>XHTML5</org-netbeans-modules-html-editor-lib.default-xhtml-public-id>
        <org-netbeans-modules-maven-j2ee.netbeans_2e_hint_2e_deploy_2e_server>WildFly</org-netbeans-modules-maven-j2ee.netbeans_2e_hint_2e_deploy_2e_server>
        <org-netbeans-modules-maven-j2ee.netbeans_2e_hint_2e_j2eeVersion>1.7-web</org-netbeans-modules-maven-j2ee.netbeans_2e_hint_2e_j2eeVersion>
        <org-netbeans-modules-projectapi.jsf_2e_language>Facelets</org-netbeans-modules-projectapi.jsf_2e_language>
    </properties>
    <spellchecker-wordlist xmlns="http://www.netbeans.org/ns/spellchecker-wordlist/1">
        <word>timeline</word>
    </spellchecker-wordlist>
</project-shared-configuration>
